Order_ID,SKU,Product_Name,Warehouse_ID,Warehouse_Name,Warehouse_City,Order_Created_At,Order_Quantity,Order_Priority,Inventory_Available,Quantity_Allocated,Quantity_Picked,Damaged_Items,Packing_Status,Picking_Start,Picking_End,Packing_Start,Packing_End,Processing_Time_Minutes,Dispatch_Status,Carrier,Dispatch_At,Estimated_Delivery,Total_Inventory_On_Hand,Total_Reserved,Total_Available,Avg_Daily_Demand_Units,Total_120_Day_Demand
ORD0001,SKU008,Desk Lamp,WH002,Vijayawada Hub,Vijayawada,2026-05-19 04:00,12,Low,Yes,12,12,1,Packed,2026-05-19 10:00,2026-05-19 10:35,2026-05-19 10:53,2026-05-19 11:12,72,Dispatched,Delhivery,2026-05-21 19:00,2026-05-22 19:00,602,65,537,15.39,1847
ORD0002,SKU011,USB Keyboard,WH001,Hyderabad Central,Hyderabad,2026-01-16 12:00,12,Medium,No,3,3,0,Packed,2026-01-16 16:00,2026-01-16 16:12,2026-01-16 16:31,2026-01-16 17:01,61,Dispatched,DTDC,2026-01-19 07:00,2026-01-24 07:00,687,84,603,15.16,1819
ORD0003,SKU002,Mechanical Keyboard,WH001,Hyderabad Central,Hyderabad,2026-06-16 17:00,1,Low,No,0,0,0,Pending,2026-06-16 21:00,2026-06-16 21:33,2026-06-16 21:39,2026-06-16 21:49,49,Pending,Ecom Express,,,386,63,323,15.01,1801
ORD0004,SKU007,Power Bank 20000mAh,WH001,Hyderabad Central,Hyderabad,2026-04-10 08:00,8,Medium,Yes,8,8,0,Packed,2026-04-10 14:00,2026-04-10 14:11,2026-04-10 14:17,2026-04-10 14:40,40,Dispatched,XpressBees,2026-04-10 23:00,2026-04-14 23:00,572,93,479,15.69,1883
ORD0005,SKU009,Monitor 24 Inch,WH005,Bengaluru Tech,Bengaluru,2026-02-10 01:00,9,High,No,1,1,0,Packed,2026-02-10 02:00,2026-02-10 02:47,2026-02-10 02:54,2026-02-10 03:12,72,Dispatched,XpressBees,2026-02-11 16:00,2026-02-16 16:00,486,115,371,15.62,1874
ORD0006,SKU010,External SSD 1TB,WH005,Bengaluru Tech,Bengaluru,2026-03-22 08:00,4,Medium,Yes,4,4,2,Packed,2026-03-22 10:00,2026-03-22 10:08,2026-03-22 10:27,2026-03-22 10:51,51,Dispatched,Ecom Express,2026-03-24 08:00,2026-03-29 08:00,651,64,587,15.0,1800
ORD0007,SKU002,Mechanical Keyboard,WH001,Hyderabad Central,Hyderabad,2026-05-18 06:00,9,Medium,Yes,9,9,1,Packed,2026-05-18 07:00,2026-05-18 07:50,2026-05-18 08:12,2026-05-18 08:26,86,Dispatched,Ecom Express,2026-05-20 04:00,2026-05-21 04:00,386,63,323,15.01,1801
ORD0008,SKU015,Tablet Stand,WH002,Vijayawada Hub,Vijayawada,2026-03-09 03:00,2,Low,No,1,1,1,Packed,2026-03-09 11:00,2026-03-09 11:24,2026-03-09 11:30,2026-03-09 11:37,37,Dispatched,DTDC,2026-03-12 03:00,2026-03-16 03:00,422,26,396,14.98,1798
ORD0009,SKU014,Laptop Backpack,WH003,Visakhapatnam Hub,Visakhapatnam,2026-01-12 00:00,6,Low,Yes,6,6,2,Packed,2026-01-12 02:00,2026-01-12 02:52,2026-01-12 03:01,2026-01-12 03:23,83,Dispatched,Delhivery,2026-01-12 22:00,2026-01-13 22:00,388,104,284,16.26,1951
ORD0010,SKU014,Laptop Backpack,WH003,Visakhapatnam Hub,Visakhapatnam,2026-05-30 17:00,3,Medium,No,1,1,0,Partial,2026-05-30 21:00,2026-05-30 21:51,2026-05-30 22:03,2026-05-30 22:29,89,Pending,DTDC,,,388,104,284,16.26,1951
ORD0011,SKU002,Mechanical Keyboard,WH003,Visakhapatnam Hub,Visakhapatnam,2026-07-19 17:00,7,Low,No,1,1,0,Partial,2026-07-19 18:00,2026-07-19 18:19,2026-07-19 18:47,2026-07-19 19:21,81,Pending,Ecom Express,,,386,63,323,15.01,1801
ORD0012,SKU006,Bluetooth Headphones,WH004,Chennai South,Chennai,2026-07-25 21:00,12,Low,Yes,12,12,1,Packed,2026-07-26 01:00,2026-07-26 01:37,2026-07-26 01:53,2026-07-26 02:07,67,Dispatched,Ecom Express,2026-07-27 09:00,2026-07-29 09:00,561,87,474,14.86,1783
ORD0013,SKU004,Laptop Stand,WH001,Hyderabad Central,Hyderabad,2026-06-18 06:00,7,Medium,No,6,6,1,Packed,2026-06-18 07:00,2026-06-18 07:15,2026-06-18 07:28,2026-06-18 07:38,38,Dispatched,XpressBees,2026-06-20 08:00,2026-06-25 08:00,437,39,398,15.09,1811
ORD0014,SKU005,Webcam HD,WH001,Hyderabad Central,Hyderabad,2026-01-28 19:00,7,Medium,Yes,7,7,0,Partial,2026-01-28 23:00,2026-01-28 23:24,2026-01-28 23:30,2026-01-28 23:57,57,Pending,Ecom Express,,,486,86,400,15.32,1839
ORD0015,SKU007,Power Bank 20000mAh,WH001,Hyderabad Central,Hyderabad,2026-05-14 17:00,11,Low,No,5,5,1,Partial,2026-05-14 23:00,2026-05-14 23:50,2026-05-14 23:58,2026-05-15 00:26,86,Pending,XpressBees,,,572,93,479,15.69,1883
ORD0016,SKU015,Tablet Stand,WH003,Visakhapatnam Hub,Visakhapatnam,2026-05-10 09:00,11,Medium,Yes,11,11,0,Packed,2026-05-10 14:00,2026-05-10 14:33,2026-05-10 14:55,2026-05-10 15:26,86,Dispatched,Ecom Express,2026-05-11 15:00,2026-05-12 15:00,422,26,396,14.98,1798
ORD0017,SKU005,Webcam HD,WH003,Visakhapatnam Hub,Visakhapatnam,2026-02-23 13:00,10,Medium,Yes,10,10,0,Packed,2026-02-23 18:00,2026-02-23 18:40,2026-02-23 19:06,2026-02-23 19:31,91,Dispatched,Blue Dart,2026-02-24 07:00,2026-03-01 07:00,486,86,400,15.32,1839
ORD0018,SKU006,Bluetooth Headphones,WH001,Hyderabad Central,Hyderabad,2026-07-29 07:00,11,Medium,No,2,2,1,Packed,2026-07-29 14:00,2026-07-29 14:48,2026-07-29 15:11,2026-07-29 15:22,82,Dispatched,Delhivery,2026-08-01 01:00,2026-08-05 01:00,561,87,474,14.86,1783
ORD0019,SKU008,Desk Lamp,WH004,Chennai South,Chennai,2026-03-04 04:00,11,Medium,No,6,6,2,Packed,2026-03-04 06:00,2026-03-04 06:37,2026-03-04 06:46,2026-03-04 07:16,76,Dispatched,Delhivery,2026-03-05 19:00,2026-03-09 19:00,602,65,537,15.39,1847
ORD0020,SKU011,USB Keyboard,WH005,Bengaluru Tech,Bengaluru,2026-05-24 19:00,6,Low,Yes,6,6,2,Packed,2026-05-24 22:00,2026-05-24 22:55,2026-05-24 23:15,2026-05-24 23:34,94,Dispatched,XpressBees,2026-05-27 12:00,2026-05-30 12:00,687,84,603,15.16,1819
ORD0021,SKU013,HDMI Cable,WH002,Vijayawada Hub,Vijayawada,2026-08-04 20:00,5,Low,Yes,5,5,0,Packed,2026-08-05 02:00,2026-08-05 02:28,2026-08-05 02:50,2026-08-05 02:57,57,Dispatched,Blue Dart,2026-08-06 14:00,2026-08-08 14:00,595,83,512,15.44,1853
ORD0022,SKU003,USB-C Hub,WH002,Vijayawada Hub,Vijayawada,2026-04-09 22:00,3,Low,No,1,1,1,Packed,2026-04-09 23:00,2026-04-09 23:44,2026-04-10 00:01,2026-04-10 00:21,81,Dispatched,Ecom Express,2026-04-12 07:00,2026-04-13 07:00,428,80,348,16.44,1973
ORD0023,SKU006,Bluetooth Headphones,WH003,Visakhapatnam Hub,Visakhapatnam,2026-07-12 12:00,7,Medium,No,3,3,0,Packed,2026-07-12 20:00,2026-07-12 20:16,2026-07-12 20:40,2026-07-12 21:02,62,Dispatched,Ecom Express,2026-07-13 17:00,2026-07-14 17:00,561,87,474,14.86,1783
ORD0024,SKU015,Tablet Stand,WH004,Chennai South,Chennai,2026-06-01 18:00,11,Critical,Yes,11,11,0,Packed,2026-06-02 02:00,2026-06-02 02:28,2026-06-02 02:43,2026-06-02 03:12,72,Dispatched,DTDC,2026-06-03 05:00,2026-06-07 05:00,422,26,396,14.98,1798
ORD0025,SKU005,Webcam HD,WH004,Chennai South,Chennai,2026-03-06 02:00,8,Critical,No,5,5,2,Packed,2026-03-06 06:00,2026-03-06 06:09,2026-03-06 06:33,2026-03-06 06:42,42,Dispatched,Delhivery,2026-03-07 17:00,2026-03-09 17:00,486,86,400,15.32,1839
ORD0026,SKU003,USB-C Hub,WH004,Chennai South,Chennai,2026-06-21 03:00,10,Low,Yes,10,10,0,Packed,2026-06-21 08:00,2026-06-21 08:14,2026-06-21 08:37,2026-06-21 08:42,42,Dispatched,Delhivery,2026-06-22 07:00,2026-06-25 07:00,428,80,348,16.44,1973
ORD0027,SKU010,External SSD 1TB,WH004,Chennai South,Chennai,2026-04-12 22:00,4,High,No,0,0,0,Pending,2026-04-13 00:00,2026-04-13 00:44,2026-04-13 01:14,2026-04-13 01:20,80,Pending,DTDC,,,651,64,587,15.0,1800
ORD0028,SKU006,Bluetooth Headphones,WH005,Bengaluru Tech,Bengaluru,2026-04-20 21:00,6,High,Yes,6,6,1,Packed,2026-04-21 00:00,2026-04-21 00:35,2026-04-21 00:45,2026-04-21 01:13,73,Dispatched,DTDC,2026-04-23 15:00,2026-04-28 15:00,561,87,474,14.86,1783
ORD0029,SKU011,USB Keyboard,WH003,Visakhapatnam Hub,Visakhapatnam,2026-06-07 17:00,8,Medium,Yes,8,8,0,Packed,2026-06-08 01:00,2026-06-08 01:44,2026-06-08 02:08,2026-06-08 02:34,94,Dispatched,Ecom Express,2026-06-09 08:00,2026-06-13 08:00,687,84,603,15.16,1819
ORD0030,SKU006,Bluetooth Headphones,WH001,Hyderabad Central,Hyderabad,2026-05-07 10:00,3,Medium,Yes,3,3,2,Packed,2026-05-07 14:00,2026-05-07 14:13,2026-05-07 14:25,2026-05-07 14:53,53,Dispatched,DTDC,2026-05-07 19:00,2026-05-11 19:00,561,87,474,14.86,1783
ORD0031,SKU008,Desk Lamp,WH005,Bengaluru Tech,Bengaluru,2026-07-14 07:00,12,Medium,Yes,12,12,1,Packed,2026-07-14 13:00,2026-07-14 13:38,2026-07-14 14:00,2026-07-14 14:21,81,Dispatched,Blue Dart,2026-07-16 06:00,2026-07-19 06:00,602,65,537,15.39,1847
ORD0032,SKU007,Power Bank 20000mAh,WH005,Bengaluru Tech,Bengaluru,2026-03-26 11:00,12,Medium,Yes,12,12,0,Packed,2026-03-26 15:00,2026-03-26 15:21,2026-03-26 15:49,2026-03-26 16:09,69,Dispatched,XpressBees,2026-03-27 18:00,2026-03-30 18:00,572,93,479,15.69,1883
ORD0033,SKU012,Wireless Charger,WH005,Bengaluru Tech,Bengaluru,2026-07-14 16:00,10,Medium,No,3,3,1,Packed,2026-07-14 21:00,2026-07-14 21:10,2026-07-14 21:16,2026-07-14 21:38,38,Dispatched,XpressBees,2026-07-15 16:00,2026-07-18 16:00,434,74,360,14.36,1723
ORD0034,SKU012,Wireless Charger,WH002,Vijayawada Hub,Vijayawada,2026-06-13 15:00,2,Low,Yes,2,2,0,Packed,2026-06-13 23:00,2026-06-13 23:15,2026-06-13 23:22,2026-06-13 23:39,39,Pending,DTDC,,,434,74,360,14.36,1723
ORD0035,SKU008,Desk Lamp,WH001,Hyderabad Central,Hyderabad,2026-05-28 20:00,11,High,No,9,1,0,Partial,2026-05-29 03:00,2026-05-29 03:46,2026-05-29 04:10,2026-05-29 04:40,100,Pending,Delhivery,,,602,65,537,15.39,1847
ORD0036,SKU010,External SSD 1TB,WH002,Vijayawada Hub,Vijayawada,2026-07-18 16:00,7,Medium,Yes,7,7,1,Packed,2026-07-18 18:00,2026-07-18 18:21,2026-07-18 18:46,2026-07-18 18:57,57,Dispatched,XpressBees,2026-07-19 07:00,2026-07-22 07:00,651,64,587,15.0,1800
ORD0037,SKU011,USB Keyboard,WH001,Hyderabad Central,Hyderabad,2026-02-10 07:00,3,Medium,No,0,0,0,Pending,2026-02-10 15:00,2026-02-10 15:26,2026-02-10 15:32,2026-02-10 15:44,44,Pending,XpressBees,,,687,84,603,15.16,1819
ORD0038,SKU005,Webcam HD,WH003,Visakhapatnam Hub,Visakhapatnam,2026-06-29 14:00,2,Medium,Yes,2,2,2,Packed,2026-06-29 16:00,2026-06-29 16:42,2026-06-29 16:54,2026-06-29 17:19,79,Dispatched,Blue Dart,2026-07-02 04:00,2026-07-04 04:00,486,86,400,15.32,1839
ORD0039,SKU015,Tablet Stand,WH003,Visakhapatnam Hub,Visakhapatnam,2026-07-31 04:00,2,High,Yes,2,2,1,Packed,2026-07-31 11:00,2026-07-31 11:25,2026-07-31 11:46,2026-07-31 12:08,68,Dispatched,Ecom Express,2026-08-02 02:00,2026-08-06 02:00,422,26,396,14.98,1798
ORD0040,SKU008,Desk Lamp,WH001,Hyderabad Central,Hyderabad,2026-06-03 01:00,7,Low,Yes,7,7,2,Packed,2026-06-03 06:00,2026-06-03 06:44,2026-06-03 06:50,2026-06-03 07:19,79,Dispatched,XpressBees,2026-06-03 11:00,2026-06-05 11:00,602,65,537,15.39,1847
ORD0041,SKU008,Desk Lamp,WH005,Bengaluru Tech,Bengaluru,2026-06-16 14:00,5,High,Yes,5,5,0,Packed,2026-06-16 20:00,2026-06-16 20:50,2026-06-16 20:58,2026-06-16 21:30,90,Dispatched,Ecom Express,2026-06-18 16:00,2026-06-20 16:00,602,65,537,15.39,1847
ORD0042,SKU006,Bluetooth Headphones,WH004,Chennai South,Chennai,2026-06-27 15:00,5,Medium,Yes,5,5,1,Packed,2026-06-27 17:00,2026-06-27 17:33,2026-06-27 17:54,2026-06-27 18:25,85,Dispatched,DTDC,2026-06-29 16:00,2026-06-30 16:00,561,87,474,14.86,1783
ORD0043,SKU011,USB Keyboard,WH005,Bengaluru Tech,Bengaluru,2026-04-29 13:00,1,High,Yes,1,1,1,Packed,2026-04-29 16:00,2026-04-29 16:26,2026-04-29 16:45,2026-04-29 17:18,78,Dispatched,Blue Dart,2026-05-01 07:00,2026-05-05 07:00,687,84,603,15.16,1819
ORD0044,SKU002,Mechanical Keyboard,WH001,Hyderabad Central,Hyderabad,2026-06-11 19:00,4,Low,Yes,4,4,0,Packed,2026-06-11 21:00,2026-06-11 21:49,2026-06-11 21:58,2026-06-11 22:18,78,Dispatched,Delhivery,2026-06-14 14:00,2026-06-17 14:00,386,63,323,15.01,1801
ORD0045,SKU009,Monitor 24 Inch,WH003,Visakhapatnam Hub,Visakhapatnam,2026-04-17 15:00,8,High,No,6,6,2,Packed,2026-04-17 22:00,2026-04-17 22:29,2026-04-17 22:59,2026-04-17 23:20,80,Dispatched,Delhivery,2026-04-19 10:00,2026-04-22 10:00,486,115,371,15.62,1874
ORD0046,SKU014,Laptop Backpack,WH001,Hyderabad Central,Hyderabad,2026-03-14 23:00,5,Low,Yes,5,5,1,Packed,2026-03-15 07:00,2026-03-15 07:28,2026-03-15 07:39,2026-03-15 08:06,66,Dispatched,XpressBees,2026-03-17 07:00,2026-03-19 07:00,388,104,284,16.26,1951
ORD0047,SKU010,External SSD 1TB,WH004,Chennai South,Chennai,2026-03-01 13:00,1,Medium,Yes,1,1,1,Packed,2026-03-01 21:00,2026-03-01 21:10,2026-03-01 21:19,2026-03-01 21:40,40,Pending,Blue Dart,,,651,64,587,15.0,1800
ORD0048,SKU010,External SSD 1TB,WH003,Visakhapatnam Hub,Visakhapatnam,2026-08-11 03:00,8,High,Yes,8,8,2,Packed,2026-08-11 11:00,2026-08-11 11:24,2026-08-11 11:39,2026-08-11 12:03,63,Pending,Delhivery,,,651,64,587,15.0,1800
ORD0049,SKU012,Wireless Charger,WH004,Chennai South,Chennai,2026-06-16 02:00,6,Low,Yes,6,5,2,Partial,2026-06-16 03:00,2026-06-16 03:47,2026-06-16 03:54,2026-06-16 04:06,66,Pending,Ecom Express,,,434,74,360,14.36,1723
ORD0050,SKU011,USB Keyboard,WH003,Visakhapatnam Hub,Visakhapatnam,2026-02-28 23:00,2,Medium,No,0,0,0,Pending,2026-03-01 00:00,2026-03-01 00:10,2026-03-01 00:25,2026-03-01 00:55,55,Pending,DTDC,,,687,84,603,15.16,1819
ORD0051,SKU001,Wireless Mouse,WH003,Visakhapatnam Hub,Visakhapatnam,2026-04-02 11:00,7,High,Yes,7,7,0,Packed,2026-04-02 15:00,2026-04-02 15:39,2026-04-02 16:02,2026-04-02 16:11,71,Dispatched,XpressBees,2026-04-04 19:00,2026-04-06 19:00,670,81,589,15.01,1801
ORD0052,SKU008,Desk Lamp,WH003,Visakhapatnam Hub,Visakhapatnam,2026-04-28 08:00,11,Critical,Yes,11,10,2,Partial,2026-04-28 10:00,2026-04-28 10:36,2026-04-28 10:52,2026-04-28 11:15,75,Pending,Blue Dart,,,602,65,537,15.39,1847
ORD0053,SKU005,Webcam HD,WH004,Chennai South,Chennai,2026-06-26 08:00,8,Low,No,6,6,1,Packed,2026-06-26 13:00,2026-06-26 13:09,2026-06-26 13:35,2026-06-26 13:52,52,Dispatched,XpressBees,2026-06-28 05:00,2026-07-01 05:00,486,86,400,15.32,1839
ORD0054,SKU001,Wireless Mouse,WH005,Bengaluru Tech,Bengaluru,2026-08-10 21:00,12,Low,Yes,12,12,0,Packed,2026-08-11 01:00,2026-08-11 01:47,2026-08-11 02:00,2026-08-11 02:26,86,Dispatched,DTDC,2026-08-12 09:00,2026-08-14 09:00,670,81,589,15.01,1801
ORD0055,SKU011,USB Keyboard,WH001,Hyderabad Central,Hyderabad,2026-06-10 20:00,1,Medium,Yes,1,1,0,Packed,2026-06-11 03:00,2026-06-11 03:19,2026-06-11 03:30,2026-06-11 03:39,39,Dispatched,DTDC,2026-06-12 21:00,2026-06-17 21:00,687,84,603,15.16,1819
ORD0056,SKU015,Tablet Stand,WH003,Visakhapatnam Hub,Visakhapatnam,2026-05-16 16:00,5,Low,Yes,5,3,1,Partial,2026-05-16 18:00,2026-05-16 18:37,2026-05-16 18:44,2026-05-16 18:53,53,Pending,DTDC,,,422,26,396,14.98,1798
ORD0057,SKU013,HDMI Cable,WH002,Vijayawada Hub,Vijayawada,2026-08-09 21:00,12,Medium,Yes,12,12,0,Packed,2026-08-09 23:00,2026-08-09 23:37,2026-08-09 23:53,2026-08-10 00:19,79,Dispatched,Delhivery,2026-08-11 14:00,2026-08-14 14:00,595,83,512,15.44,1853
ORD0058,SKU010,External SSD 1TB,WH004,Chennai South,Chennai,2026-07-30 20:00,6,High,No,3,3,2,Packed,2026-07-30 22:00,2026-07-30 22:48,2026-07-30 23:07,2026-07-30 23:41,101,Dispatched,XpressBees,2026-08-01 08:00,2026-08-04 08:00,651,64,587,15.0,1800
ORD0059,SKU011,USB Keyboard,WH004,Chennai South,Chennai,2026-01-30 04:00,1,Low,Yes,1,0,0,Pending,2026-01-30 08:00,2026-01-30 08:42,2026-01-30 08:51,2026-01-30 09:08,68,Pending,Delhivery,,,687,84,603,15.16,1819
ORD0060,SKU008,Desk Lamp,WH003,Visakhapatnam Hub,Visakhapatnam,2026-06-21 23:00,12,Low,Yes,12,12,1,Packed,2026-06-22 04:00,2026-06-22 04:10,2026-06-22 04:37,2026-06-22 04:53,53,Dispatched,Ecom Express,2026-06-24 11:00,2026-06-26 11:00,602,65,537,15.39,1847
ORD0061,SKU008,Desk Lamp,WH004,Chennai South,Chennai,2026-03-02 11:00,2,Low,Yes,2,2,1,Partial,2026-03-02 18:00,2026-03-02 18:25,2026-03-02 18:36,2026-03-02 19:11,71,Pending,Delhivery,,,602,65,537,15.39,1847
ORD0062,SKU002,Mechanical Keyboard,WH004,Chennai South,Chennai,2026-01-24 21:00,4,Medium,No,0,0,0,Pending,2026-01-25 00:00,2026-01-25 00:44,2026-01-25 00:55,2026-01-25 01:02,62,Pending,Blue Dart,,,386,63,323,15.01,1801
ORD0063,SKU014,Laptop Backpack,WH005,Bengaluru Tech,Bengaluru,2026-02-23 18:00,4,Low,No,2,2,2,Packed,2026-02-23 23:00,2026-02-23 23:19,2026-02-23 23:27,2026-02-23 23:53,53,Dispatched,Blue Dart,2026-02-24 18:00,2026-02-25 18:00,388,104,284,16.26,1951
ORD0064,SKU003,USB-C Hub,WH001,Hyderabad Central,Hyderabad,2026-04-02 07:00,10,Medium,No,4,4,2,Packed,2026-04-02 15:00,2026-04-02 15:31,2026-04-02 15:52,2026-04-02 16:15,75,Dispatched,Delhivery,2026-04-05 03:00,2026-04-06 03:00,428,80,348,16.44,1973
ORD0065,SKU008,Desk Lamp,WH005,Bengaluru Tech,Bengaluru,2026-02-26 19:00,1,Low,Yes,1,1,0,Partial,2026-02-27 02:00,2026-02-27 02:35,2026-02-27 03:01,2026-02-27 03:09,69,Pending,Ecom Express,,,602,65,537,15.39,1847
ORD0066,SKU008,Desk Lamp,WH004,Chennai South,Chennai,2026-01-19 02:00,6,Medium,No,1,1,1,Packed,2026-01-19 10:00,2026-01-19 10:40,2026-01-19 11:04,2026-01-19 11:22,82,Dispatched,XpressBees,2026-01-20 23:00,2026-01-21 23:00,602,65,537,15.39,1847
ORD0067,SKU013,HDMI Cable,WH001,Hyderabad Central,Hyderabad,2026-08-07 20:00,11,Low,No,6,6,1,Packed,2026-08-07 22:00,2026-08-07 22:28,2026-08-07 22:46,2026-08-07 23:01,61,Dispatched,Ecom Express,2026-08-10 09:00,2026-08-13 09:00,595,83,512,15.44,1853
ORD0068,SKU006,Bluetooth Headphones,WH002,Vijayawada Hub,Vijayawada,2026-06-25 15:00,2,High,No,0,0,0,Pending,2026-06-25 18:00,2026-06-25 18:43,2026-06-25 18:49,2026-06-25 19:12,72,Pending,DTDC,,,561,87,474,14.86,1783
ORD0069,SKU009,Monitor 24 Inch,WH005,Bengaluru Tech,Bengaluru,2026-03-26 21:00,2,Medium,Yes,2,2,1,Packed,2026-03-27 01:00,2026-03-27 01:17,2026-03-27 01:43,2026-03-27 02:03,63,Dispatched,DTDC,2026-03-27 18:00,2026-03-29 18:00,486,115,371,15.62,1874
ORD0070,SKU014,Laptop Backpack,WH001,Hyderabad Central,Hyderabad,2026-03-31 17:00,6,High,Yes,6,6,2,Packed,2026-03-31 18:00,2026-03-31 18:46,2026-03-31 19:12,2026-03-31 19:43,103,Pending,XpressBees,,,388,104,284,16.26,1951
ORD0071,SKU012,Wireless Charger,WH003,Visakhapatnam Hub,Visakhapatnam,2026-01-08 05:00,5,Low,Yes,5,2,0,Partial,2026-01-08 08:00,2026-01-08 08:44,2026-01-08 09:10,2026-01-08 09:27,87,Pending,Blue Dart,,,434,74,360,14.36,1723
ORD0072,SKU002,Mechanical Keyboard,WH002,Vijayawada Hub,Vijayawada,2026-07-09 20:00,1,High,No,0,0,0,Pending,2026-07-09 23:00,2026-07-09 23:31,2026-07-09 23:45,2026-07-10 00:13,73,Pending,DTDC,,,386,63,323,15.01,1801
ORD0073,SKU006,Bluetooth Headphones,WH005,Bengaluru Tech,Bengaluru,2026-06-02 02:00,1,High,No,0,0,0,Pending,2026-06-02 10:00,2026-06-02 10:46,2026-06-02 11:05,2026-06-02 11:23,83,Pending,Ecom Express,,,561,87,474,14.86,1783
ORD0074,SKU005,Webcam HD,WH002,Vijayawada Hub,Vijayawada,2026-07-13 16:00,2,Medium,No,1,1,1,Packed,2026-07-13 17:00,2026-07-13 17:21,2026-07-13 17:35,2026-07-13 18:10,70,Dispatched,Ecom Express,2026-07-14 07:00,2026-07-16 07:00,486,86,400,15.32,1839
ORD0075,SKU013,HDMI Cable,WH002,Vijayawada Hub,Vijayawada,2026-07-15 08:00,5,Medium,No,3,3,1,Packed,2026-07-15 14:00,2026-07-15 14:12,2026-07-15 14:29,2026-07-15 15:01,61,Dispatched,Blue Dart,2026-07-18 08:00,2026-07-19 08:00,595,83,512,15.44,1853
ORD0076,SKU007,Power Bank 20000mAh,WH001,Hyderabad Central,Hyderabad,2026-04-28 02:00,6,Medium,Yes,6,6,0,Packed,2026-04-28 10:00,2026-04-28 10:52,2026-04-28 11:08,2026-04-28 11:15,75,Dispatched,DTDC,2026-04-29 07:00,2026-05-03 07:00,572,93,479,15.69,1883
ORD0077,SKU014,Laptop Backpack,WH001,Hyderabad Central,Hyderabad,2026-03-04 13:00,10,Medium,No,6,6,0,Packed,2026-03-04 15:00,2026-03-04 15:41,2026-03-04 16:02,2026-03-04 16:13,73,Dispatched,Blue Dart,2026-03-05 06:00,2026-03-08 06:00,388,104,284,16.26,1951
ORD0078,SKU006,Bluetooth Headphones,WH002,Vijayawada Hub,Vijayawada,2026-03-02 03:00,3,Medium,No,2,2,0,Packed,2026-03-02 11:00,2026-03-02 11:51,2026-03-02 12:14,2026-03-02 12:39,99,Dispatched,Ecom Express,2026-03-04 22:00,2026-03-09 22:00,561,87,474,14.86,1783
ORD0079,SKU006,Bluetooth Headphones,WH003,Visakhapatnam Hub,Visakhapatnam,2026-02-08 14:00,2,Medium,Yes,2,2,1,Packed,2026-02-08 22:00,2026-02-08 22:10,2026-02-08 22:16,2026-02-08 22:32,32,Dispatched,DTDC,2026-02-11 09:00,2026-02-14 09:00,561,87,474,14.86,1783
ORD0080,SKU002,Mechanical Keyboard,WH001,Hyderabad Central,Hyderabad,2026-06-07 19:00,9,Medium,No,7,3,1,Partial,2026-06-08 03:00,2026-06-08 03:40,2026-06-08 03:49,2026-06-08 04:24,84,Pending,XpressBees,,,386,63,323,15.01,1801
ORD0081,SKU001,Wireless Mouse,WH004,Chennai South,Chennai,2026-01-27 10:00,12,High,No,0,0,0,Pending,2026-01-27 18:00,2026-01-27 18:41,2026-01-27 19:02,2026-01-27 19:26,86,Pending,Ecom Express,,,670,81,589,15.01,1801
ORD0082,SKU003,USB-C Hub,WH003,Visakhapatnam Hub,Visakhapatnam,2026-04-06 09:00,7,Medium,Yes,7,7,2,Packed,2026-04-06 11:00,2026-04-06 11:43,2026-04-06 12:09,2026-04-06 12:26,86,Dispatched,Delhivery,2026-04-08 11:00,2026-04-11 11:00,428,80,348,16.44,1973
ORD0083,SKU005,Webcam HD,WH005,Bengaluru Tech,Bengaluru,2026-08-12 04:00,6,High,No,2,2,2,Packed,2026-08-12 09:00,2026-08-12 09:43,2026-08-12 10:00,2026-08-12 10:25,85,Dispatched,XpressBees,2026-08-12 22:00,2026-08-15 22:00,486,86,400,15.32,1839
ORD0084,SKU014,Laptop Backpack,WH002,Vijayawada Hub,Vijayawada,2026-06-21 22:00,12,Low,No,10,10,0,Packed,2026-06-22 04:00,2026-06-22 04:39,2026-06-22 04:50,2026-06-22 05:02,62,Dispatched,Blue Dart,2026-06-23 09:00,2026-06-25 09:00,388,104,284,16.26,1951
ORD0085,SKU003,USB-C Hub,WH001,Hyderabad Central,Hyderabad,2026-03-17 03:00,9,Low,No,5,5,2,Packed,2026-03-17 06:00,2026-03-17 06:54,2026-03-17 07:13,2026-03-17 07:19,79,Dispatched,Blue Dart,2026-03-18 10:00,2026-03-22 10:00,428,80,348,16.44,1973
ORD0086,SKU006,Bluetooth Headphones,WH002,Vijayawada Hub,Vijayawada,2026-04-24 19:00,5,Low,Yes,5,5,1,Packed,2026-04-25 01:00,2026-04-25 01:51,2026-04-25 02:14,2026-04-25 02:33,93,Pending,Blue Dart,,,561,87,474,14.86,1783
ORD0087,SKU008,Desk Lamp,WH003,Visakhapatnam Hub,Visakhapatnam,2026-07-19 12:00,9,Medium,No,3,3,1,Packed,2026-07-19 14:00,2026-07-19 14:53,2026-07-19 15:14,2026-07-19 15:46,106,Dispatched,Ecom Express,2026-07-21 19:00,2026-07-22 19:00,602,65,537,15.39,1847
ORD0088,SKU005,Webcam HD,WH001,Hyderabad Central,Hyderabad,2026-07-15 05:00,5,Medium,No,3,3,1,Packed,2026-07-15 12:00,2026-07-15 12:11,2026-07-15 12:28,2026-07-15 12:49,49,Pending,Delhivery,,,486,86,400,15.32,1839
ORD0089,SKU006,Bluetooth Headphones,WH002,Vijayawada Hub,Vijayawada,2026-04-09 02:00,6,High,Yes,6,6,1,Packed,2026-04-09 07:00,2026-04-09 07:38,2026-04-09 08:05,2026-04-09 08:36,96,Dispatched,Blue Dart,2026-04-09 14:00,2026-04-11 14:00,561,87,474,14.86,1783
ORD0090,SKU013,HDMI Cable,WH004,Chennai South,Chennai,2026-04-25 19:00,1,Low,No,0,0,0,Pending,2026-04-26 02:00,2026-04-26 02:15,2026-04-26 02:44,2026-04-26 02:58,58,Pending,Blue Dart,,,595,83,512,15.44,1853
ORD0091,SKU004,Laptop Stand,WH003,Visakhapatnam Hub,Visakhapatnam,2026-02-01 01:00,4,Medium,Yes,4,4,1,Packed,2026-02-01 04:00,2026-02-01 04:26,2026-02-01 04:44,2026-02-01 04:49,49,Dispatched,Delhivery,2026-02-02 15:00,2026-02-07 15:00,437,39,398,15.09,1811
ORD0092,SKU006,Bluetooth Headphones,WH002,Vijayawada Hub,Vijayawada,2026-05-27 13:00,3,Medium,No,2,0,0,Pending,2026-05-27 14:00,2026-05-27 14:32,2026-05-27 14:52,2026-05-27 14:58,58,Pending,XpressBees,,,561,87,474,14.86,1783
ORD0093,SKU011,USB Keyboard,WH004,Chennai South,Chennai,2026-04-06 08:00,12,Critical,No,5,5,0,Packed,2026-04-06 09:00,2026-04-06 09:30,2026-04-06 09:52,2026-04-06 10:07,67,Dispatched,DTDC,2026-04-07 09:00,2026-04-09 09:00,687,84,603,15.16,1819
ORD0094,SKU014,Laptop Backpack,WH004,Chennai South,Chennai,2026-06-28 15:00,11,High,No,1,1,0,Partial,2026-06-28 19:00,2026-06-28 19:10,2026-06-28 19:40,2026-06-28 19:51,51,Pending,DTDC,,,388,104,284,16.26,1951
ORD0095,SKU015,Tablet Stand,WH001,Hyderabad Central,Hyderabad,2026-03-22 09:00,9,Medium,Yes,9,9,0,Packed,2026-03-22 14:00,2026-03-22 14:15,2026-03-22 14:45,2026-03-22 15:01,61,Dispatched,Delhivery,2026-03-24 11:00,2026-03-28 11:00,422,26,396,14.98,1798
ORD0096,SKU015,Tablet Stand,WH004,Chennai South,Chennai,2026-07-10 14:00,7,Medium,No,3,3,2,Packed,2026-07-10 16:00,2026-07-10 16:35,2026-07-10 16:59,2026-07-10 17:30,90,Dispatched,Delhivery,2026-07-13 04:00,2026-07-15 04:00,422,26,396,14.98,1798
ORD0097,SKU009,Monitor 24 Inch,WH003,Visakhapatnam Hub,Visakhapatnam,2026-03-24 03:00,2,Medium,Yes,2,2,1,Packed,2026-03-24 11:00,2026-03-24 11:10,2026-03-24 11:38,2026-03-24 12:10,70,Dispatched,Ecom Express,2026-03-26 07:00,2026-03-29 07:00,486,115,371,15.62,1874
ORD0098,SKU010,External SSD 1TB,WH004,Chennai South,Chennai,2026-03-12 20:00,1,High,Yes,1,1,0,Packed,2026-03-13 04:00,2026-03-13 04:10,2026-03-13 04:19,2026-03-13 04:26,26,Pending,Blue Dart,,,651,64,587,15.0,1800
ORD0099,SKU004,Laptop Stand,WH003,Visakhapatnam Hub,Visakhapatnam,2026-04-03 12:00,10,Critical,No,7,5,1,Partial,2026-04-03 15:00,2026-04-03 15:41,2026-04-03 15:57,2026-04-03 16:14,74,Pending,Delhivery,,,437,39,398,15.09,1811
ORD0100,SKU006,Bluetooth Headphones,WH003,Visakhapatnam Hub,Visakhapatnam,2026-03-05 03:00,1,Low,Yes,1,1,0,Packed,2026-03-05 07:00,2026-03-05 07:47,2026-03-05 08:01,2026-03-05 08:28,88,Dispatched,DTDC,2026-03-07 20:00,2026-03-11 20:00,561,87,474,14.86,1783
ORD0101,SKU004,Laptop Stand,WH001,Hyderabad Central,Hyderabad,2026-02-04 02:00,8,High,Yes,8,5,2,Partial,2026-02-04 04:00,2026-02-04 04:43,2026-02-04 05:05,2026-02-04 05:19,79,Pending,DTDC,,,437,39,398,15.09,1811
ORD0102,SKU015,Tablet Stand,WH003,Visakhapatnam Hub,Visakhapatnam,2026-08-06 05:00,12,Low,No,5,5,0,Packed,2026-08-06 06:00,2026-08-06 06:31,2026-08-06 06:53,2026-08-06 07:16,76,Dispatched,Blue Dart,2026-08-09 04:00,2026-08-12 04:00,422,26,396,14.98,1798
ORD0103,SKU008,Desk Lamp,WH005,Bengaluru Tech,Bengaluru,2026-02-03 19:00,2,High,Yes,2,2,1,Packed,2026-02-03 22:00,2026-02-03 22:28,2026-02-03 22:53,2026-02-03 23:00,60,Dispatched,XpressBees,2026-02-04 12:00,2026-02-08 12:00,602,65,537,15.39,1847
ORD0104,SKU008,Desk Lamp,WH005,Bengaluru Tech,Bengaluru,2026-03-30 04:00,9,Medium,No,2,2,0,Packed,2026-03-30 09:00,2026-03-30 09:18,2026-03-30 09:28,2026-03-30 09:43,43,Dispatched,XpressBees,2026-03-31 07:00,2026-04-02 07:00,602,65,537,15.39,1847
ORD0105,SKU006,Bluetooth Headphones,WH005,Bengaluru Tech,Bengaluru,2026-08-18 09:00,2,Medium,Yes,2,2,2,Packed,2026-08-18 12:00,2026-08-18 12:50,2026-08-18 13:14,2026-08-18 13:42,102,Dispatched,Blue Dart,2026-08-19 12:00,2026-08-24 12:00,561,87,474,14.86,1783
ORD0106,SKU006,Bluetooth Headphones,WH005,Bengaluru Tech,Bengaluru,2026-01-11 00:00,2,Critical,Yes,2,2,1,Packed,2026-01-11 05:00,2026-01-11 05:49,2026-01-11 06:03,2026-01-11 06:23,83,Dispatched,Delhivery,2026-01-13 23:00,2026-01-15 23:00,561,87,474,14.86,1783
ORD0107,SKU013,HDMI Cable,WH004,Chennai South,Chennai,2026-03-18 14:00,2,Medium,No,1,1,1,Packed,2026-03-18 20:00,2026-03-18 20:33,2026-03-18 20:42,2026-03-18 21:11,71,Dispatched,DTDC,2026-03-20 14:00,2026-03-23 14:00,595,83,512,15.44,1853
ORD0108,SKU009,Monitor 24 Inch,WH005,Bengaluru Tech,Bengaluru,2026-01-28 10:00,4,Medium,Yes,4,4,0,Packed,2026-01-28 14:00,2026-01-28 14:18,2026-01-28 14:33,2026-01-28 15:07,67,Dispatched,Ecom Express,2026-01-30 23:00,2026-02-04 23:00,486,115,371,15.62,1874
ORD0109,SKU012,Wireless Charger,WH003,Visakhapatnam Hub,Visakhapatnam,2026-02-18 05:00,8,Low,Yes,8,8,0,Packed,2026-02-18 13:00,2026-02-18 13:23,2026-02-18 13:34,2026-02-18 13:57,57,Dispatched,Ecom Express,2026-02-21 05:00,2026-02-24 05:00,434,74,360,14.36,1723
ORD0110,SKU001,Wireless Mouse,WH001,Hyderabad Central,Hyderabad,2026-03-14 15:00,10,Low,Yes,10,10,0,Packed,2026-03-14 22:00,2026-03-14 22:31,2026-03-14 22:37,2026-03-14 22:54,54,Dispatched,DTDC,2026-03-16 21:00,2026-03-17 21:00,670,81,589,15.01,1801
ORD0111,SKU010,External SSD 1TB,WH005,Bengaluru Tech,Bengaluru,2026-02-19 11:00,9,Medium,Yes,9,9,1,Packed,2026-02-19 14:00,2026-02-19 14:14,2026-02-19 14:31,2026-02-19 14:47,47,Dispatched,XpressBees,2026-02-20 10:00,2026-02-23 10:00,651,64,587,15.0,1800
ORD0112,SKU009,Monitor 24 Inch,WH003,Visakhapatnam Hub,Visakhapatnam,2026-07-13 04:00,4,Medium,Yes,4,4,0,Packed,2026-07-13 07:00,2026-07-13 07:46,2026-07-13 08:07,2026-07-13 08:16,76,Dispatched,Ecom Express,2026-07-15 22:00,2026-07-18 22:00,486,115,371,15.62,1874
ORD0113,SKU015,Tablet Stand,WH005,Bengaluru Tech,Bengaluru,2026-03-23 05:00,7,Low,Yes,7,7,2,Packed,2026-03-23 13:00,2026-03-23 13:09,2026-03-23 13:25,2026-03-23 13:40,40,Dispatched,XpressBees,2026-03-25 03:00,2026-03-26 03:00,422,26,396,14.98,1798
ORD0114,SKU007,Power Bank 20000mAh,WH005,Bengaluru Tech,Bengaluru,2026-03-20 23:00,12,Medium,Yes,12,12,2,Packed,2026-03-21 02:00,2026-03-21 02:41,2026-03-21 03:06,2026-03-21 03:34,94,Dispatched,Delhivery,2026-03-23 20:00,2026-03-28 20:00,572,93,479,15.69,1883
ORD0115,SKU013,HDMI Cable,WH004,Chennai South,Chennai,2026-02-07 21:00,4,Critical,No,1,1,0,Packed,2026-02-08 05:00,2026-02-08 05:55,2026-02-08 06:23,2026-02-08 06:29,89,Dispatched,Blue Dart,2026-02-10 09:00,2026-02-12 09:00,595,83,512,15.44,1853
ORD0116,SKU009,Monitor 24 Inch,WH002,Vijayawada Hub,Vijayawada,2026-05-24 10:00,11,Medium,Yes,11,11,2,Packed,2026-05-24 18:00,2026-05-24 18:20,2026-05-24 18:32,2026-05-24 18:45,45,Dispatched,DTDC,2026-05-26 03:00,2026-05-31 03:00,486,115,371,15.62,1874
ORD0117,SKU005,Webcam HD,WH002,Vijayawada Hub,Vijayawada,2026-03-18 09:00,12,High,Yes,12,12,2,Packed,2026-03-18 16:00,2026-03-18 16:30,2026-03-18 16:59,2026-03-18 17:29,89,Dispatched,Delhivery,2026-03-20 17:00,2026-03-22 17:00,486,86,400,15.32,1839
ORD0118,SKU005,Webcam HD,WH001,Hyderabad Central,Hyderabad,2026-03-15 22:00,2,Medium,Yes,2,2,0,Packed,2026-03-16 03:00,2026-03-16 03:16,2026-03-16 03:24,2026-03-16 03:48,48,Dispatched,XpressBees,2026-03-17 16:00,2026-03-22 16:00,486,86,400,15.32,1839
ORD0119,SKU004,Laptop Stand,WH002,Vijayawada Hub,Vijayawada,2026-01-13 21:00,9,High,No,0,0,0,Pending,2026-01-14 05:00,2026-01-14 05:14,2026-01-14 05:40,2026-01-14 06:09,69,Pending,DTDC,,,437,39,398,15.09,1811
ORD0120,SKU003,USB-C Hub,WH001,Hyderabad Central,Hyderabad,2026-05-21 05:00,7,Medium,Yes,7,7,1,Packed,2026-05-21 09:00,2026-05-21 09:42,2026-05-21 10:10,2026-05-21 10:38,98,Dispatched,Delhivery,2026-05-22 00:00,2026-05-23 00:00,428,80,348,16.44,1973
ORD0121,SKU015,Tablet Stand,WH002,Vijayawada Hub,Vijayawada,2026-04-17 05:00,1,Low,Yes,1,1,1,Packed,2026-04-17 07:00,2026-04-17 07:29,2026-04-17 07:43,2026-04-17 08:02,62,Dispatched,Delhivery,2026-04-19 03:00,2026-04-24 03:00,422,26,396,14.98,1798
ORD0122,SKU009,Monitor 24 Inch,WH004,Chennai South,Chennai,2026-08-16 04:00,9,Medium,No,1,1,1,Packed,2026-08-16 09:00,2026-08-16 09:44,2026-08-16 10:10,2026-08-16 10:39,99,Dispatched,Delhivery,2026-08-18 07:00,2026-08-20 07:00,486,115,371,15.62,1874
ORD0123,SKU003,USB-C Hub,WH005,Bengaluru Tech,Bengaluru,2026-08-08 20:00,7,Low,Yes,7,7,0,Packed,2026-08-09 02:00,2026-08-09 02:23,2026-08-09 02:28,2026-08-09 02:41,41,Pending,Ecom Express,,,428,80,348,16.44,1973
ORD0124,SKU007,Power Bank 20000mAh,WH002,Vijayawada Hub,Vijayawada,2026-04-25 08:00,6,Medium,No,2,2,0,Packed,2026-04-25 11:00,2026-04-25 11:33,2026-04-25 11:59,2026-04-25 12:20,80,Dispatched,Ecom Express,2026-04-27 07:00,2026-04-30 07:00,572,93,479,15.69,1883
ORD0125,SKU012,Wireless Charger,WH001,Hyderabad Central,Hyderabad,2026-06-13 09:00,6,Medium,No,1,1,1,Packed,2026-06-13 13:00,2026-06-13 13:23,2026-06-13 13:49,2026-06-13 14:18,78,Dispatched,XpressBees,2026-06-16 05:00,2026-06-21 05:00,434,74,360,14.36,1723
ORD0126,SKU014,Laptop Backpack,WH001,Hyderabad Central,Hyderabad,2026-05-15 14:00,9,Low,No,1,1,0,Packed,2026-05-15 20:00,2026-05-15 20:41,2026-05-15 21:00,2026-05-15 21:08,68,Dispatched,Blue Dart,2026-05-16 19:00,2026-05-18 19:00,388,104,284,16.26,1951
ORD0127,SKU012,Wireless Charger,WH005,Bengaluru Tech,Bengaluru,2026-05-06 02:00,9,Medium,No,7,7,2,Packed,2026-05-06 03:00,2026-05-06 03:33,2026-05-06 03:46,2026-05-06 04:17,77,Dispatched,Ecom Express,2026-05-08 01:00,2026-05-09 01:00,434,74,360,14.36,1723
ORD0128,SKU012,Wireless Charger,WH002,Vijayawada Hub,Vijayawada,2026-05-29 02:00,1,Medium,No,0,0,0,Pending,2026-05-29 03:00,2026-05-29 03:26,2026-05-29 03:44,2026-05-29 03:54,54,Pending,Ecom Express,,,434,74,360,14.36,1723
ORD0129,SKU013,HDMI Cable,WH002,Vijayawada Hub,Vijayawada,2026-07-16 20:00,12,Medium,Yes,12,12,1,Packed,2026-07-16 22:00,2026-07-16 22:51,2026-07-16 23:17,2026-07-16 23:49,109,Dispatched,Ecom Express,2026-07-19 04:00,2026-07-24 04:00,595,83,512,15.44,1853
ORD0130,SKU003,USB-C Hub,WH003,Visakhapatnam Hub,Visakhapatnam,2026-01-31 05:00,9,Medium,No,3,3,1,Packed,2026-01-31 12:00,2026-01-31 12:22,2026-01-31 12:34,2026-01-31 12:53,53,Dispatched,XpressBees,2026-02-02 19:00,2026-02-05 19:00,428,80,348,16.44,1973
ORD0131,SKU003,USB-C Hub,WH003,Visakhapatnam Hub,Visakhapatnam,2026-02-18 23:00,2,Critical,Yes,2,2,0,Partial,2026-02-19 03:00,2026-02-19 03:12,2026-02-19 03:20,2026-02-19 03:44,44,Pending,Blue Dart,,,428,80,348,16.44,1973
ORD0132,SKU001,Wireless Mouse,WH004,Chennai South,Chennai,2026-06-03 21:00,12,Low,No,11,11,2,Packed,2026-06-04 02:00,2026-06-04 02:22,2026-06-04 02:50,2026-06-04 03:13,73,Dispatched,Delhivery,2026-06-04 22:00,2026-06-07 22:00,670,81,589,15.01,1801
ORD0133,SKU010,External SSD 1TB,WH005,Bengaluru Tech,Bengaluru,2026-07-17 21:00,6,High,No,5,5,1,Packed,2026-07-18 04:00,2026-07-18 04:43,2026-07-18 05:03,2026-07-18 05:09,69,Dispatched,XpressBees,2026-07-19 03:00,2026-07-22 03:00,651,64,587,15.0,1800
ORD0134,SKU011,USB Keyboard,WH004,Chennai South,Chennai,2026-07-21 16:00,6,Medium,Yes,6,6,2,Packed,2026-07-21 19:00,2026-07-21 19:37,2026-07-21 19:43,2026-07-21 20:05,65,Dispatched,Blue Dart,2026-07-23 14:00,2026-07-27 14:00,687,84,603,15.16,1819
ORD0135,SKU007,Power Bank 20000mAh,WH005,Bengaluru Tech,Bengaluru,2026-05-16 04:00,7,High,No,2,2,1,Partial,2026-05-16 08:00,2026-05-16 08:11,2026-05-16 08:24,2026-05-16 08:41,41,Pending,Delhivery,,,572,93,479,15.69,1883
ORD0136,SKU011,USB Keyboard,WH005,Bengaluru Tech,Bengaluru,2026-06-04 01:00,2,High,No,1,1,1,Packed,2026-06-04 05:00,2026-06-04 05:20,2026-06-04 05:48,2026-06-04 05:56,56,Pending,Delhivery,,,687,84,603,15.16,1819
ORD0137,SKU012,Wireless Charger,WH004,Chennai South,Chennai,2026-03-04 22:00,10,Low,Yes,10,8,1,Partial,2026-03-05 05:00,2026-03-05 05:37,2026-03-05 05:59,2026-03-05 06:24,84,Pending,DTDC,,,434,74,360,14.36,1723
ORD0138,SKU006,Bluetooth Headphones,WH003,Visakhapatnam Hub,Visakhapatnam,2026-03-08 11:00,9,Low,Yes,9,9,1,Partial,2026-03-08 15:00,2026-03-08 15:31,2026-03-08 15:46,2026-03-08 16:04,64,Pending,DTDC,,,561,87,474,14.86,1783
ORD0139,SKU001,Wireless Mouse,WH005,Bengaluru Tech,Bengaluru,2026-08-10 07:00,12,High,Yes,12,12,2,Packed,2026-08-10 13:00,2026-08-10 13:22,2026-08-10 13:39,2026-08-10 14:02,62,Dispatched,Blue Dart,2026-08-11 16:00,2026-08-13 16:00,670,81,589,15.01,1801
ORD0140,SKU008,Desk Lamp,WH005,Bengaluru Tech,Bengaluru,2026-06-17 21:00,6,Medium,Yes,6,5,2,Partial,2026-06-18 05:00,2026-06-18 05:18,2026-06-18 05:46,2026-06-18 06:16,76,Pending,Ecom Express,,,602,65,537,15.39,1847
ORD0141,SKU006,Bluetooth Headphones,WH002,Vijayawada Hub,Vijayawada,2026-02-05 23:00,9,Medium,No,8,8,2,Packed,2026-02-06 02:00,2026-02-06 02:48,2026-02-06 03:00,2026-02-06 03:07,67,Dispatched,Delhivery,2026-02-08 11:00,2026-02-10 11:00,561,87,474,14.86,1783
ORD0142,SKU001,Wireless Mouse,WH002,Vijayawada Hub,Vijayawada,2026-05-10 14:00,6,High,Yes,6,6,2,Packed,2026-05-10 19:00,2026-05-10 19:42,2026-05-10 19:56,2026-05-10 20:01,61,Dispatched,Delhivery,2026-05-11 00:00,2026-05-16 00:00,670,81,589,15.01,1801
ORD0143,SKU014,Laptop Backpack,WH004,Chennai South,Chennai,2026-07-26 05:00,2,Low,No,0,0,0,Pending,2026-07-26 10:00,2026-07-26 10:30,2026-07-26 10:43,2026-07-26 11:13,73,Pending,XpressBees,,,388,104,284,16.26,1951
ORD0144,SKU007,Power Bank 20000mAh,WH001,Hyderabad Central,Hyderabad,2026-04-06 12:00,8,Medium,No,4,4,2,Packed,2026-04-06 14:00,2026-04-06 14:33,2026-04-06 14:50,2026-04-06 15:07,67,Pending,Delhivery,,,572,93,479,15.69,1883
ORD0145,SKU009,Monitor 24 Inch,WH004,Chennai South,Chennai,2026-01-15 20:00,1,Low,No,0,0,0,Pending,2026-01-15 22:00,2026-01-15 22:41,2026-01-15 22:47,2026-01-15 22:59,59,Pending,DTDC,,,486,115,371,15.62,1874
ORD0146,SKU004,Laptop Stand,WH005,Bengaluru Tech,Bengaluru,2026-05-02 08:00,1,Low,Yes,1,1,0,Packed,2026-05-02 12:00,2026-05-02 12:45,2026-05-02 12:54,2026-05-02 13:23,83,Dispatched,DTDC,2026-05-02 18:00,2026-05-06 18:00,437,39,398,15.09,1811
ORD0147,SKU015,Tablet Stand,WH001,Hyderabad Central,Hyderabad,2026-03-18 05:00,10,High,Yes,10,10,1,Packed,2026-03-18 11:00,2026-03-18 11:11,2026-03-18 11:19,2026-03-18 11:37,37,Dispatched,Blue Dart,2026-03-18 23:00,2026-03-20 23:00,422,26,396,14.98,1798
ORD0148,SKU014,Laptop Backpack,WH001,Hyderabad Central,Hyderabad,2026-03-29 19:00,10,Low,Yes,10,5,0,Partial,2026-03-30 03:00,2026-03-30 03:39,2026-03-30 03:51,2026-03-30 04:07,67,Pending,DTDC,,,388,104,284,16.26,1951
ORD0149,SKU009,Monitor 24 Inch,WH004,Chennai South,Chennai,2026-04-21 05:00,11,Medium,Yes,11,11,0,Packed,2026-04-21 08:00,2026-04-21 08:32,2026-04-21 08:59,2026-04-21 09:29,89,Dispatched,Delhivery,2026-04-22 23:00,2026-04-24 23:00,486,115,371,15.62,1874
ORD0150,SKU012,Wireless Charger,WH004,Chennai South,Chennai,2026-03-23 11:00,2,High,Yes,2,2,0,Packed,2026-03-23 19:00,2026-03-23 19:43,2026-03-23 20:05,2026-03-23 20:26,86,Dispatched,Blue Dart,2026-03-26 02:00,2026-03-30 02:00,434,74,360,14.36,1723
